MIME Version Server CERN Date Sunday Dec GMT Content Type text html Content Length Last Modified Tuesday Jan GMT Avinash Gupta Home PageResumeAvinash Gupta Download PostScript copy Resume INDEX Personal Data Education Undergraduate Projects Graduate Courses Relevant Experience Computer Skills Activities Interests Hobbies Personal DataDate and Place Birth September Bombay INDIA Citizenship IndianVisa Available from June Education Aug May Cornell University Ithaca Master Engineering Computer Science May May University Bombay Bombay INDIA Bachelor Engineering Computers four year course Undergraduate Projects Implemented cross assembler for Pascal Implemented various image processing algorithms for image enhancement like histogram equalization Contrast enhancement Edge detection and others Designed and implemented bus route calculation database INGRES Graduate Courses Courses taken during this academic year include the following topics Multimedia Operating Systems Computer Graphics Software Engineering Distributed Systems High Performance Systems Relevant Experience Aug Novell Certified Netware EngineerJuly Aug Programmer Technograf Consultants Bombay INDIA Participated the design new Computer Aided Textile designing package aimed reducing manufacturing time for textile developers The entire coding was done and required expertise Graphics programming and May May Programmer Analyst Digital Equipment India Ltd Bombay INDIA Analysed designed and implemented information system for contract management The program was written COBOL running VAX networked environment has been use now for more than year Computer Skills DOS UNIX Windows Windows Netware Pascal Assembler Visual Basic Oracle Powerbuilder Word Excel HTML Java Activities Interests Active member Microcomputer Users Club MUC India Numerous articles ranging from product news programming techniques have appeared the club magazine Micro News Hobbies Guitar playingChessComputersBack Home Page MIME Version Server CERN Date Monday Jan GMT Content Type text html Content Length Last Modified Tuesday Nov GMT Some interests mine academic background had all schooling before coming over Madras the capital Tamil Nadu one the southern states INDIA Schools attended Kindergarten thro grade Montford Preparatory School Santhome Madras grade thro higher secondary Santhome Higher Secondary School Santhome Madras Bachelor Degree Electronics Communication Engg College Engineering Guindy Anna University Madras CEG the probably the Oldest Engineering College Asia Postage stamp was recently issued mark the occasion its Bicentennial Celebrations Pics Audio Video Some favorite pictures mine Info about Tamil movies Indian movie pic pages Jpeg file repository KSU Sound file repository KSU Hindi song files GMU Interesting sitesA collection some cool ftp sitesLinks the FAQ Tutorial and Virtual LibraryTelecom news hereCommunications virtual librarySports news the ESPnet Sports zoneEver wanted know what this game cricket was all about Kapil Dev considered one India best cricketers ever Check out the superb slide show capabilities provided the latest Netscape versions great collection pics available through the above page Great cartoons the Comic StripThe Hindu one India national newspapers Newsgroups Thro here you need netscape for this Here some Guindian stuff Back home page Gnana Kumar Natarajan ngk utexas edu Date Wed Jan GMT Server NCSA Content type text html Last modified Fri Oct GMT Content length Prepared Jianhui Zhou Applied Physics Bell Laboratories Lucent technologies Holmdel USA Beijing University Posts and Telecommunications Beijing University Posts and Telecommunications THE OVERSEAS BUPT ALUMNI DIRECTORY Version release Oct http www alumni caltech edu zhou http www buptnet edu Have Friends all over the World THE OVERSEAS BUPT ALUMNI DIRECTORY maintained Zhou Jianhui for the exculsive use BUPT alumni updated and released via email the first day each month The latest version also posted the World Wide Web http www alumni caltech edu zhou bupt bupt html and http www bupt edu copyright reserved further distribution this directory its unaltered form BUPT alumni permitted New entries and update are welcome and will incorporated future Directory releases All correspondence should addressed Zhou Jianhui zhou lucent com zhou alumni caltech edu While reasonable efforts have been made ensure that the information contained this directory current and accurate the time release can assume responsibility for any error Maintaining this directory solely personal effort mine serve the over seas BUPT alumni community There connection this volunteer service employer Zhou Jianhui Applied Physics Editor Chief zhou lucent com zhou alumni caltech edu Bell Laboratories Lucent Technologies Holmdel New Jersey USA Have Friends all over the World dear BUPT friends lot changes have taken place since updated this directory January have moved and has broken into three independent companies Lucent Technologies and NCR result email changed zhou lucent com One thing remains unchanged however that commitment maintaining this directory and bringing our BUPT alumni together through this Directory Your contribution suggestions are always welcome Good luck Jianhui Have Friends all over the World the list New Entries indicates new entries indicates updated entries Have Friends all over the World Name Tao email Current Inst AIF Alcatel France Original Class big class Name Bai Wei David Bedell email bedell cse bridgeport edu Tele office Fax Current Inst University Bridgeport English Language Institute Bridgeport USA Major English Address Box Bridgeport USA Original Class BUPT Name Bai Xiao Yan Email jennifer bai WilTel com Work phone Home phone Address WilTel One Williams Center Tulsa Class Name Bao Jian Wen Email jib lehigh edu Phone Address Jianwen Bao Str Bethlehem Original Class Name Cai Hong Sheng email cai uvm gen emba uvm edu Phone Current Inst Dept Computer Sci Eletrical Engr University Vermont Burlington Major Electrical Engineering Digital Signal Processing Address Dept Computer Sci Electrical Engr University Vermont Burlington Original Class Name Cai Xiao Ding mail xdcai bnr Tele Fax Current Inst Dept Northern Telecom Ltd Box Station Ottawa Ont Canada Original Class Name Cao Xue Gen email cao dsrg brookes Tel Fax Original Address Hong Kong Telecom GPO Box Hong Kong Class Name Cao Wei Wei Tele Address Filion Cres Kanata Ontario Canada Original Class Name Chao Ying Email mae yuying chao pace medtronic com Company Medtronic Inc Home Address Ave Apt Minneapolis Company address Mae Yuying Chao Central Ave Minneapolis Company Phone Name Che Chun Dao email mei auckland Tele Major Electrical Engineering Address Woodside Eden Auckland New Zealand Original Class Name Chen Chang Lin email clchen chargers ent ohiou edu Tele Current Inst Dept ECE Ohio University Athens Major Digital Signal Processing Original Class Name Chen Dan Lei Phone Fax Current Inst Atman Computer Systems Toronto Branch College Street Toronto Ontario Canada Address Dundas Suite Toronto Ontario Canada Original Class Big Class Name Chen Houwu email hou summa com Tele ext Fax Current Inst Summa Four Inc Address Sundial Avenue Manchester Original Class Name Chen Jun email juchen lynx dac neu edu Tele Current Inst Instrumentation Lab Lexington Address Original Class Name Chen Ming email achen Newbridge Com Tel Ext Current Inst Newbridge Networks March Rood Kanata Ontario Canada Address Carling Avenue Ottawa Ontario Canada Original Class Name Chen Shiwen email schen homer njit edu Tele home Current Inst New Jersey Institute Technology Major Computer Information Science Address William Harrison Original Class Name Chen Zhong email zychen cuhk Tele office ext home Current Inst Dept Information Eng the Chinese University Hong Kong Major neural network Address Dept Information Eng The Chinese University Hong Kong Hong Kong Original Class Name Deng Guang Hua email guanghua sfu Tele Current Inst Motorola Wireless Data Group Address Original Class Name Deng Xiao Gang email xgdeng honey mcgill Tele Current Inst Department McGill University Canada Address Dominique Montreal Quebec Original Class Name Deng Xin email deng rochester edu Phone home office Current Inst Dept Computer Scinece University Rochester Rochester Original Class Information Eng Name Dong Tel Address Beck San Jose Original Class Name DONG Zhi Xin email dong res enst Tele office Current Inst Ecole Nationale Superieure Telecommunications ENST Major Network management Adress Departement reseaux ENST rue Barrault Paris Cedex FRANCE Original class Name Jian email DUJ NETCOM COM JAMESD AMC COM Original Class Applied Physics Name Fan Yan Email FAN ACC FAU EDU Address Boca Raton Current Inst Department Computer Science and Engineering Florida Atlantic University Major VLSI Design Telephone Original Class Applied Physics Name Fan Xian Zhi email fan semi mitel com Tele ext Current Inst MITEL Semiconductor Major Original Class Name Fan Yan Email yanhe shamin genie uottawa Phone Ext Current Inst University Ottawa Address Fan Yan Dept Electrical Engineering University Ottawa Ottawa Ont Canada Original Class Name Gan Chuan Yong email Tele Current Inst Address Hoyt Flr Kearny Original Class Name Gao Chao Email chaogao bnr Tel Fax Address Chao Gao Bell Northern Research Ltd Box Station Ottawa Ontario CANADA Original Class Name Chao Email ACC FAU EDU Telephone Home Office Address Palmwood Place Apt Boca Raton Current Inst Department Eletrical Engineering Florida Atlantic Uinversity Address Palmwood Place Apt Boca Raton Original Class Radio Engineering Name Ying Email siyinggu newbridge com Telephone home work Fax home Current Inst Newbridge Networks Corporation Address Navaho Ottawa Ontario Canada Original Class Radio Engineering Name Jie email eejie ust Tel office Current Inst HongKong University Science Technology Major Signal Processing Address Department Electrical Electronic Engineering HKUST Clear Water Bay HongKong Original Class Name Guo Ning email ningg Rossini INSL McGill Tele Current Inst Montreal Canada Original Class Name Guo Pei Scott Corbett email CORBETTPS nie Tele Current Inst Lecturer Department History SOA National Institute Education Address Bukit Timah Road Singapore Original Class English Lecturer Name Guo Xiao Fan Tel Email xiaofan bnr Address Mail Stop Car Bell Northern Research Ltd Box Station Ottawa Ontario Canada Major Computer Science Original Class Name Guo Xiaoyan Address Palmwood Place Apt Boca Raton Telephone Address Palmwood Place Apt Boca Raton Original Class Radio Engineerin Name HAN Fang TEL Home FAX Office Email fanghan engr uky edu Internet fanghan ecc engr uky edu Address Fang HAN Dept Electrical Engineering Anderson Hall University Kentucky Lexington Kentucky United States Original Class Name Han Peng email smartt com Home Beaverbrook Crescent Burnaby Canada Tel Class Name Sherry Qianhong Moore Qian Hong Email sherry cps msu edu Work phone Home phone Address Jolly Road Lansing Current Inst Computer Science Department Wells Hall Michigan State University Lansing Original Class Computer Engineering Name Yan Home Address Avala Park Lane Norcross Home Phone Email yhe sct edu Current Inst Southern College Technology Major Computer Sciences and Information Original Class Computer Dept Name Class Department radio communication Bachelor Degree graguated pattern recognition Master Degree graduated mail address liu mxb meshnet Tel Employment SECOM Ltd Address buruheiwa minamikase saiwaiku Kawasaki City kanagawaken Japan Name Yong Email yohe emi dtu cbt emi dtu Tele Fax Current Inst Electromagnetics Institute Technical University Denmark Building Lyngby Denmark Major Optical Fiber Communications Address Mosegardsvej Gentofte Denmark Original class Name Hong Chun email chong hns com Tel work home Fax Current Inst Hughes Netwrok System Exploration Lane Germantwon USA Major Hardware Development Address Tralee Terrace Damascus USA Homepage http www eng ncat edu chunye Oringinal Class Name Chunyang Tel Email moe mer utexas edu Address MER The Univ Texas Austin Austin Original Class Name Run Mei email HUR QUCDN QueensU hur qucdn bitnet Tele Current Inst McCurdy Drive Kanata Ontario Canada Original Class Math shi ban Name Hua Tele Address Blk Bukit Purmei Road Singapore Orig Class Telecom Name Huang Hsia Huang Xia Email huang ssd comm mot com Phone Current Inst Motorola Inc Land Mobile Communication Sector Major Computer Science Address Maple Palatine Original Class Name Huang Jian Ping Email jhuang ten com Current Inst Tencor Instruments Corp USA Original Class Name Huang Jie email freenet carleton Tele Address McCurdy Kanata Ontario Canada Original Class Shi Ban Name Huang Xin email juh ucfunix engr ucf edu Tele Current Inst Dept Electrical Eng University Central Florida Orlando USA Name Huang Shouhua Email shouhua solar usc edu Work phone Lab Home phone Fax Address San Marcos San Gabriel USA Original Class Name Huang Xue Feng Email Huang sussex Phone Home ext Curent Inst University Sussex Address Benfield Way Portslade East Sussex Original Class NAME Huang Hong email huang sol cms uncwil edu Tele Current Inst Univ North Carolina wilmington USA Original Class Computer Engineering Name Hui Rong Qing email Current Inst BNR Original Class Name Jiang Hai Email haj Wayne EDU Current Inst Wayne State University Computer Science Department Class Name Jiang Hua Email hua bnr phone fax Current Inst Bell Northern Research Inc Wireless communication systems Coit Plano Texas Address BNR INC Lakeside Blvd Richardson Name Jiao Jian Zhong Email jianzhong luminance nal com Telephone Ext Fax Current Int North America Lighting Inc Major Electrical Engneering Applied optics Address Haggerty Farminton Hills Original class Name Jin Wen Homepage http www und nodak edu jin Email jin und nodak edu Tele home office Current Inst Computer Science Dept University North Dakota Grand Fork North Dakota USA Major Computer Science Address Tulane Drive Grand Forks Original Class Computer Engineering Name Hong You Phone Fax email hongyou mee hwm com Current Inst HWM GmbH Germany TELE ROBOT ENGINEERING Major Robotics and Remote Handling Technologies Address Hongyou TELE ROBOT ENGINEERING Klingleweg Meersburg Bodensee Germany Original Class Mech Eng and Name Ping email pingl lulu diva com Tele Current Inst DIVA Communications Inc Berkeley Major Digital Wireless Subscriber Loop Addr Roosevelt Ave Apt Berkeley USA Original Class radio Name Qing email qing maekawa uec Tele Current Inst Dept Computer Science University Electro communications Tokyo Japan Major Computer network Original Class Name Qing tel Email ching warren mentorg com Original Name Shi Qun Email stat albany edu sxl albnydh bitnet Tel Current Inst Health Research Inc New York State Dept Health Major Biostatistics Address Dept Statistics Biometrics School Public Health SUNY Executive Park South First Floor Stuyvesant Plaza Albany Original Class Name Wen Zhe Email Fritz Juergen Reich ruba ruhr uni bochum reich ruba ruhr uni bochum dbp Tel Address Markstr App Bochum Germany Original Class Name Xiao Hui email Xli which csl uiuc edu Tele Current Inst University Illinois Major Digital Signal Processing Address Original Class big class and Name Hui Michael Email mikeli mrspock att com Tele Fax Address Bell Laboratories Room Laurel Avenue Box Middletown Original Class NAME Yan Bin email DUNDEE Tel ext office Current Inst CMRU Civil Engineering Dept Dundee University Dundee United Kingdom Original class Name Ting Email yuting bell atl com Tel Office Home homepage http www purdue edu people liy Original Class Radio Name Zhao Hui Email linda tally com Tel Current Inst Mannesmann Tally Corp Seattle Original Class Telecommunication Engineering Name Zheng email liz hal tokyo Phone home ext office Current Inst Hatori Aizawa Lab Dept Information and Communication Engineering Faculty Engineering University Tokyo Tokyo Japan Original Class Name Liao Tie Email liao gipsi gipsi Name Lin Nan email lin late technik uni erlangen Tel Current Inst University Erlangen Nuernberg Address Lehrstuhl Allg Theor Elektrotechnik Cauerstr Erlangen Germany Original Class Name Lin Email lulin bnr Tel Current Inst Bell Northern Research Ltd Address Clearview Ave Ottawa Ontario Canada Original Class Name Lin Qing Tele email rliu CSIRO Address Edward Ryde NSW Sydney AUSTRALIA Original Class Name Lin Duan Email lin isi ethz Phone Fax Adress Signal and Information Processing Laboratory Department Electrical Engineering Swiss Federal Institute Technology Zurich ISI ETZ ETH Zentrum Zurich Switzerland Name LIN Zhi Hai Email daniel dtm com phone Current Inst Engineering and Service Division DATAMAT Public Company Ltd Address Pattanakarn Road Suanluang Bangkok Thailand BUPT Class big Name Liu Guang email dgliu doe carleton Tele Current Inst Dept Electronics Carleton University Ottawa Ontario Canada Major CAD Electronics Circuit Original Class Name Liu Guo Hui email kerby scs unr edu major computer and telecommunications class adr Greystone Reno USA Name Liu Xiaoqing old Liu Liyu new Email liyu singnet com internet http www singnet com liyu Phone Address APT BLK TAMPINES Singapore Original Class radio engineering Name Liu Ming email ming liu Inmarsat org Tele Fax Current Inst International Mobile Satellite Org Inmarsat Major Aeronautical Mobile Satellite Services AMSS Address City Road London United Kingdom Original Class Name Liu Wen Tel Address Dwight Burlingame Original Class Name Liu Ren Ping email rliu CSIRO Tele Current Inst CSIRO Division Radiophysics AUSTRALIA Major ATM Traffic Address Box Epping NSW Sydney AUSTRALIA Original Class Name Liu Wei email wliu uhunix uhcc Hawaii Edu Tele Current Inst University Hawaii Manoa Major Wei Liu Department Agricultural Engineering University Hawaii Manoa Honolulu Original Class Name Liu Xia Tele Address Eagle Heights Madison Original Class Name Liu Ming Tel office Fax Current Inst The University Newcastle Address Grove Street Waratah NSW Australia Original Claess Name Liu Zhengwei Tel Current Inst Poryland Cement Asso Major Computer Science Address Hollylane Desplaines Original Claess computer Name Long Pin email pinlong ece ucsd edu Tele office lab Fax Current Inst Dept Electrical Computer Engineering University California San Diego Jolla USA Major Optical Information Processing Address Dept Electrical Computer Engineering University California San Diego Gilman Jolla USA Original Class Name Jing email eleeabh jetson edu Tele Current Inst University Houston Address Jing Ruth Houston Original class big class Name Ming email ELEE menudo edu Original class Name Luan Zai Hua Tele Address Beechfern Stittsville Ontario Canada Original Class Name Luo Gang email gluo bnr Tele Fax Current Inst BNR Address Stop Bell Northern Research Ltd Box Station Ottawa Ontario Canada Original Class Name Luo Lei email lei fee lbl gov Tele home work Current Inst Lawrence Berkeley National Lab Major VLSI circuit design Address Pintail Terrace Fremont Name Luo Xiang Tele Original Class Name Ming email ming cube com Tele office home Current Inst Cube Microsystems McCarthy Blvd Milpitas Major Microcode MPEG Address VARBLER AVE SANTA CLARA USA Original Class Radio Engineering Name Zheng Peng Charlie email cma msai mea com Tele office Current Inst Mitsubishi Semiconductor America Inc Major CAD Address Mitsubishi Semiconductor America Inc Three Diamond Lane Durham Original Class Tele Name Mei ChunHui email mei auckland Tele Current Inst Dept Mechanical Engineering School Engineering The University Auckland Auckland Private Bag New Zealand Major Mechanical Engineering Address Woodside Eden Auckland New Zealand Original Class Name Meng Chunyang Email chunyang cae wisc edu Tel Current Inst ECE department University Wisconsin Madison Johnson drive Madison Original Class Name Meng Tel Current Inst Peninsula Engineering Morse Avenue Sunnyvale Original Class Name Meng email ymeng usr com yming usr com phone office home current inst USRobotics Inc Department address lake Mundelein USA Original Class Name Email lmu alpo casc com Current Inst Cascade Communications Corp Westford Massachussetts Original Class Name Niu Xin Xin email xxniu cuhk Tele Current Inst Dept Electronic Engineering The Chinese Univ Hong Kong Major Digital Signal Processing Address Dept Electronic Engineering The Chinese Univ Hong Kong Shatin Hong Kong Original Class Name Peng Hong Email pengh med com Work phone Home phone Address North Street Apt Waukesha Class Information Engineering Name Qian email qian fzi Tele home office Fax office Current Inst University Karlsruhe Germany Major Computer Address Putlitzstr Karlsruhe Germany Original Class Name Qiu Lunji email elqiu ntuvax ntu Phone Fax Current Inst Nanyany Technological University Major Digital Signal Processing Address Qiu Lunji School EEE NTU Nanyang Ave Singapore Original Class Big Class Name Shu Hua Address Bradley Blvd Apt Chevy Chase Telephone Fax Mail squgyang erols com Name Ran Shu Ping email shuping cslab anu edu Tele Current Inst Austrilian National University Major Speech Recognition Address Masson Turner ACT Australia Original class Telecomm Name Ren Hong email sihong image waterloo edu Tele Current Inst Dept System Design University Waterloo Major Image Processing Address Ren Sihong Dept System Design University Waterloo Waterloo Ontario Canada Original Class Name Ren Xiao Min mail xmren mail utexas edu ren moe mer utexas edu Tel Fax Current Inst MER University Texas Austin Texas Major Optical Fiber Communications and Lightwave Technologies Address Wood Hollow Drive Austin Texas Original Class Name Shi Jian jun email duaic doshisha Tele Current Inst Dept Knowledge Eng Comp Sci Doshisha University Tanabe Kyoto Japan Major Information Eng Address Takatsukicho Fukuya House Sakyoku Ichijyouji Kyoto Japan Ori Class Name Shi Chao Xiang email shi tansei tokyo Tele Current Inst Hitachi Major Address Original Class big class Name SHI Hong Qin email shi tele ucl Phone Fax Current Inst Catholic University Louvain Belgium Major Digital Image Processing Address TELE Batiment Stevin Place Levant Faculte des Sciences Appliquees Universite Catholique Louvain Louvain Neuve Belgique Original Class big class Name Shi Jing email jing ualberta Home Page http www ualberta jing Tele Current Inst Department Computing Science University Alberta Edmonton Canada Major Communication Networks Addr Street Edmonton Alberta Canada Original Class Name Hua Xiao Scott mail fore com Tele Current Inst Fore Systems Inc Thorn Hill Road Warrendale Original Class Name Shi Zhen email engp leonis nus tele fax Name Song Jian Ming email email mot com Tele office Fax Current Inst Motorola Australian Research Center Lord Street Botany Sydney NSW Australia Original Class Name Song Wei email wei song mail oph rwth aachen Tel Home Germany Current Inst Technical Univ Aachen Major Electrical Engineering Address Ruetscherstr Aachen Germany Original Class Name Song qiong email song loira song ensem nancy phone Current Inst University Nancy IUT France Major Computer science performance evaluation simulation Address Song ENSEM CRIN foret Haye Vandoeuvre les Nancy France Original Class big class Name Chao email chaosu cuhk Tele Current Inst Dept Information Eng the Chinese University Hong Kong Major neural network Address Dept Information Eng The Chinese University Hong Kong Hong Kong Original Class Name Sun Chun Lan email shanns microsoft com Tel Curreent Inst Microsoft Corp Address Ave Redmond Original Class Name Sun Ping email SUNL NEWTON CCS TUNS Tel Current Inst Dept Electrical Engineering Technical Nova Scotia Halifax Nova Scotia Canada Major Electromagnetics Address Liping Sun Inglis street halifax Nova Scotia Canada Original Class Name Sun Quan Email sun ibr Current Inst Technical University Braunschweig Germany Original Class Name Sun Wen Dong email wendong sfu Phone Curreent Inst Simon Fraser University Burnaby Canada Major Address Mathematics Statistics Dept Mathematics Statistics Simon Fraser University Burnaby Canada Original Class Name Sun Wen Sheng ssun qcktrn com Office Home Company Quickturn Design Systems Inc Class Name Tan Wei email wtan ele uri edu Tele Current Inst Dept Electrical Eng University Rhode Island Kingston Address Kingstown Kingston USA Original Class Name Tang Hong mail hongtang helix nih gov Tel Fax Address Division Computer Research Technology National Institute Health Bethesda Maryland Name Tang Jun Email juntang microsoft com Tel Curreent Inst Microsoft Corp Address Ave Redmond Original Class Applied Physics Name Tang Xiong Yan Email exytang ntuvax ntu Tele Fax Current Inst Nanyang Technological University Singapore Address School EEE Nanyang Technological University Nanyang Avenue Singapore Major Optical fiber communications Original Class Name Teng Qun email Original Class Telecom big class Name Tian Wen shun Phone mail engp leonis nus Address Department Electrical Engineering National University Singapore Kent Ridge Crescent Singapore Class Name Tian Xin Kang email tian macsmtp kla com Original Class Name Wan Jiang Ling Email WanJ pcmail bis adp com Tele work Address Bennington East Windsor Original Class Name Wan Zhen email zwan nit airtouch com Tele Current Inst AirTouch Communications Address AirTouch Communications Walnut Creek California Original Class Telecomm Name Wang Ben Email ben luminance nal com Telephone Ext Fax Current Int North America Lighting Inc Major Optical Engneering Address Drakeshire Apt Farminton Original Professor the Dept Applied Physics Name Wang Dong Yun Kathy Wang Email kwang davinci imd cig mot com Phone Office Address Liberty Street New Bedford Current College University Massachusetts Dartmouth Original Class Name Wang Hong Email address hwang immpower com cba uabdpo dpo uab edu Tel Company Revere Inc Mail address Skilodge III Birmingham USA Orig Class Big Class Name Wang Dong email dong cabsav vut edu Tele work home Inst Victoria University Technology Address Dept Elec Eng Victoria University Tech Box MMC Melbourne Vic Australia Original Name Wang Jian Email jianli eleceng queensu Tel office home Fax Current Inst Dept Electrical and Computer Engineering mailing add Queen University Kingston Ont Canada Major Communication Netwroks Home Addrss Van Oder Drive Kingston Ont Canada Original Class NAME WANG Jiang Wei Tel email wang str hitachi sugimo str hitachi Current Inst Hitachi Ltd Address home Sugimoto Heights Kotobuki cho Odawara shi Kanagawa ken Japan Office Disk Storage Development Dept Data Storage Retrieval Systems Division Kozu Odawara shi Kanagawa ken Japan Name Wang Jing Ping email jwang grand waterloo edu Tele ext Lab Home current Inst Dept Computer Science Univ Waterloo Major Computer Network Address Original class Name Wang Jun Current Inst Eusoff College Singapore Address Room Eusoff College Evans Road Singapore Original Class Name Wang Wei Tele Current Inst Charles West Toronto Ont Canada Original Class Name Wang Ping Tele Address Beechfern Stittsville Ontario Canada Original Class Name Wang Xiao Jun Email wangx dcu Tel voice fax Current Inst Dublin City University Ireland Major Electronic Design Automation Address School Electronic Engineering Dublin City University Dublin Ireland Original class Name Wang Xin Email xinwang hilbert cdsp neu edu xinwang cdsp neu edu Tel Current Inst ECE Northeastern University Name Wang Qiang email msg com Tel Current Inst Texas Instruments Inc Forest Lane Dallas USA Major Digital Compression MPEG Address Spencer Plano USA Original Class Name Wang Yao Guang email ygwang etro vub Fax Tel Current Inst VUB Brussels Free University Address ETRO VUB VUB Brussels Free University Pleinlaan Brussels Belgium Original Class Name WANG Yide Email wyide ireste ireste Tel Current Inst University Nantes France Major Signal processing Address rue des Glenans Nantes France Original class big class Name Wang email tech ascom Tele Fax Current Inst Ascom Tech Ltd Berne Switzerland Address Ascom Tech Ltd Morgenstr Berne Switzerland Major Optical Fibre Telecomms Original Class Name Wang Zhi Wei Email zwang engn uwindsor Tel Home Ext Office Current Inst University Windsor Deptartment Electrical Engineering Windsor Ontario Canada Major DSP Address Zhiwei Wang Bruce Ave Windsor Ontario Canada Original Calss Name WEI Jing Yuan email wei core ucl Phone home office Current Inst CORE Center for Operations Research Econometrics Universite Catholique Louvain Louvain Neuve Belgium Major Industrial Management Energy Economics Address CORE Voie Roman Pays Louvain Neuve Belgium Original Class Name Wei Min Email weimin mhd moorhead msus edu Tele Current Inst Minnesota Mutual Life Insurance Company Major Computer Science Address Hamline Avenue Paul Original Class Computer Department Name Ran Wei Home Address Avala Park Lane Norcross Home Phone Work Phone Email ranwei atlcom net Current Inst Equifax independent consultant Original Class Computer Name Wen Lin Email lin tanner com Tele Fax Address Tanner Research Inc Vinedo Ave Pasadena Original Class Applied Physics Name email awu postman cec Tele Current Inst Rue Felicien Delince Brussels Belgium Original Class Don Applications Engineer Nanometrics Inc Guigne Drive Sunnyvale EXT FAX Home Address Iris Ave Apt Sunnyvale hzhu dwu netcom com Name Jing Tele Current Inst Charles West Toronto Ont Canada Original Class Name Quan Sheng email cran nancy Tele Office Home Fax Current Inst Reseach Center for Automatic Control Nancy Faculte des Sciences Universite Nancy FRANCE Major Multimedia and Local industry network Address EACN CRAN Faculte des Sciences Universite Nancy VANDOEUVRE LES NANCY CEDEX FRANCE Original Class name Mao Rong Xia email mao xia ccm intel com phone home office current intel corporation portland oregon major Mechanical engineer address avenue portland oregon usa original mechanical engineer Name Xia Zhi Sen Email xia mayo edu Tel Original Class Shi Zhi Ban Nmae Xie Dai Email dain cenparmi concordia Tel Address Berlioz Nuns Island Montreal Que Canada Name Xie Lin Robert email Robert Lin Xie ccm intel com Home Phone Working Phone Company Intel mailstop Ave Hillsboro Major Personal Conferencing Division ISDN Client Initiative Home address Ave Apt Hillsbore Original Class Big Class Name Xie Yin email yinxie microsoft com Tel Current Inst Microsoft Corp Original Class class name Cui Lian shelly email shelly valley oak com Phone addr Houston USA Original Class Name Ping email song cran nancy phone office Current Inst CRAN University Nancy Fac des Sciences Vandoeuvre France Major Electronics eng Address home ping rue Amsterdam Vandoeuvre France phone home Original Class big class Name Jin Ying Tele Current Inst Dept Computer Science New York City University Address Road Woodhevan Original Class big class Name Jun email wri com Tele Current inst Wolfram Research Inc Mathematica Major Computer Network Address Vawter Urbana Original Class computer Name Yan email CIBR vaxa strathclyde Tele ext Current Inst Depatment Human Resource Management Strathclyde University Glasgow Major Human Resource Management Address Depatment Human Resource Management Strathclyde University Graham Hills Building Richmond Street Glasgow Original Class Name Zhi Qian Email Current Inst FORD Motor Class Name Yang Hongkui email yanghk doe carleton tel Current Inst Dept Electronics Carleton University Major VLSI for signal processing Address Loretta Ave South Apt Ottawa Ontario Canada Original Class Name Yang Jian Ling Email ling wni Phone FAX Current Inst Weathernews Inc Address Weathernews Inc NAKASE MIHAMA CHIBA SHI Japan Original Class class Name YANG JING mail yang xing Current Inst Brother Industries ltd Nagoya Japan Original Class name Yang Xiao yan Tel email yangxy flute ece ucsb edu Current Inst University California Santa Barbara Department Electrical and Computer Engineering Original Class and Name Yang Xing email xyang cco caltech edu xing touch caltech edu Tele Current Inst California Institute Technology Major Micromachining Address Department Electrical Engineering Caltech Pasadena USA Original Class NAME Yang Email yangg taec com Inst Toshiba America Electronic Components Inc USA ORIGINAL CLASS Names Yang Ping Email YANG RHBNC Tele Work Home Current Inst University London Citicorp CSVI Major Applied Maths Address Citicorp Scrimgeour Vickers Inernational Ltd Box Cottons Centre Hays Lane London Original Class Name Yang Xue Dong email yang mobile oki Current Inst Oki Electric Industry Ltd Address Japan Original Class Computer Name Yao Hua email yao bnr Current Inst BNR Original Class Name Fei Current Inst Dept Mathematics and Statistics The University Vermont Burlington Vermont Original Class Name Jun Email Jun engr usask Phone Current Inst Dept Electrical Engineering University Saskatchewan Address Easthill Saskatoon Canada Original Class Name Jian Tel office home Fax office Email yijian wrcs urz uni wuppertal Current school University Wuppertal Home address Zunftstr Wuppertal Germany School addr Elektrotechnik Universitaet Wuppertal Fuhlrottstr Wuppertal Germany Original Class big class Name Yin Hui email hxyin dal mobil com Tel fax current Inst Mobil Corporation Major Materials Engineering Fracture Mechanics Address Mobil Corp Dallas Technical Center Midway Road Farmers Branch Home Redpine Road Dallas Original Class Mechanical Eng Name Yin Jia Hong Email yin kcl bay Tel ext office Current Inst King College London University London Major Image Processing Address Dept EEE King College London Strand London Original Class Name Hua email cyu blaine glenayre com cyu glenayre com Tele ext Address Caroline Maywood Burnaby Canada Original Class Name Yin Wei email yin ctcls Company CTC Laboratory Systems Corp Tel Fax Address Sangenjaya Chome Setagaya Tokyo Japan Home Address Virarogosu Sagamidai Sagamihara City Kanagawa Japan Home Tel Original Class Computer Name Ping email pingyu bnr Tele Current Inst Bell Northern Research Address Original Class Name Tong Wei Qing Current Inst Davis Medical Center Sacramento mail txyu ucdavis edu Original Class Name Xiao Email xiyu solar usc edu Original Class Name Yun You Ping email yyun atss calstatela edu Tele Major Original Class Name Zeng Ping Email lzeng sjsu edu Current Inst San Jose State University Name Zhai Dong Yuan Tele Current Inst West Texas State University Major Chemistry Sci Address WTSU Box Canyon Original Class Mech Name Zhang Gang Tele Current Inst JDS Fitel Inc Address Springland Ottawa Ontario Canada Original Class Radio Engineering Name Zhang Hai Yan Email Tele home office Address Westbreeze Oshkosh Wisconsin USA Original Class Name Zhang Hongyan Email hzhang biostat sph unc edu Adress Dept Biostatistics School Public Health Univ North Carolina Chapel Hill Original Class Name Zhang Jian Email jzhang bnr Tele Address Bell Northern Research Ltd Dept Stop Box Station Ottawa Ontario CANADA Original Class Name Zhang Jian Ping email zhang eecs nwu edu Tele home office Fax Current Inst EECS Department Northwestern University Sheridan Road Evanston Major semiconductor laser Photonics Address Foster Apt Evanston Original Class Name Zhang Peng Email elpzhang ntuvax ntu Tele Fax Current Inst Nanyang Technological University Singapore Address School EEE Nanyang Technological University Nanyang Avenue Singapore Major Telecommunication Engineering Original Class Name Zhang Lin Tao Current Inst JDS Fitel Canada Original Class Big Class Name Zhang Ning email comdev qucdntri bitnet zhang qucdntri queensu Current Inst Dept Queens University Kingston Canada Original Class Big Class Name Zhang Ping email zhang utah edu Tel Current Inst Dept Electrical Engineering University Utah Salt Lake City Major Address University Village Salt Lake City Original Class Name Zhang Qian Kenneth Chang email chou yokohama fsi Company Fuji Soft Inc Yokohama Jigyosyo Tel Fax Address Nisikanagawa Kanagawa Dist Yokohama Japan Home Address Simizugaoka Minami Dist Yokohama Japan Original Class Name Zhang Qing Mao Email zhangqo ucbeh san edu Current Inst Dept Electrical Engineering University Cincinnatti Cincinnatti Ohio USA Original Class Name Zhang Wei Email freenet carleton Phone Address McArthur Ave Ottawa Ontario Canada Original Class Radio Engineering name Zhang Xin school Cornell University Dept School Electrical Engineering Major Computer Engineering Address Utica Ithaca Phone email cornell edu Class and Name Zhang Xiu Email Tel Curr inst Electromagnetics Institute Technical University Denmark Major Optical Communications Address Electromagnetics Institute Technical University Denmark Building Lyngby Denmark Original Class Name Zhang Ying mail kzhang usr com Tel office home addr keating Ave Apt skokie original class Name Zhao Hong email hzhao bnr Tele Address Pinecrest Ottawa Ontario Original Class Name Zhao Hong email hzhao csi UOttawa Address LYON OTTAWA ONT Tel Original Class Name Zhao Yan email Tele Current Inst IBM Corp Address Maryland Original Class Name Zheng Xiao email EECP orange utexas edu Tele ext Current Inst KCI Addr Home Medical San Antonio Work KCI Houston San Antonio Original Class Big Class Name Zhou Chen email zhouch ivory rtsg mot com Phone office home Current inst MOTOROLA Major Communication software Address Woods Drive Apt Arlington Heights Illinois Original Class Name Zhou Han email hzhou emerald tufts edu Tele Current Inst Fidelity Investments Devonshire street Boston Original Class Big class Name Zhou Jian email Tele Address Bloomsbury Way San Jose Original Class Name Zhou Jian Hui email zhou lucent com zhou alumni caltech edu Tele Fax Current Inst Bell Laboratories Lucent Technologies Address Bell Laboratories Lucent Technologies Room Crawfords Corner Road Holmdel New Jersey Original Class Name Zhou Ning email zhou solan unit Tele Current The Norwegian Institute Technology major Telecommunications address Room Bragstads plass Trondheim NTH Norway Original class Name Zhou email qzhou research att com Tel Current Inst Bell Lab New Jersy Original Class Name Zhou Qing email Tele Current Inst University Aachen Germany Major Automatic control Address Original Class Mech Eng and Name Zhou Jian email zhouz iro umontreal Tele Current Inst Department IRO Universite Montreal Succ Montreal Quebec Canada Major MicroElectronic Systems Address Zijian Zhou Goyer Montreal Quebec Canada Original Class Name Zhou Zhi Shuai email zzhou silver ucs indiana edu Tel Address Redbud Apts Indiana University Bloomington Original Class Name Zhu Xiao Yuan mail email mot com Tele Current Inst Motorola Australian Research Centre Level Lord Street Botany NSW Australia Major Speech Signal Processing Address Allen Street Canterbury NSW Australia Original Class Digital Communications Name Zhu Phone Email zhu uniden zhu pis bekkoame Address Saiwaicho Mihamaku Chibasi Japan Original class big class Name Zhuang Jia Xuan mail andrew cmu edu Current Inst Industrial Administration Carniege Mellon University homepage http www contrib andrew cmu edu usr html Original Class Information Eng Name Zou Ying Hong Address San Jose USA Original Class Have Friends all over the World Date Tue Nov GMT Server NCSA Content type text html Last modified Thu Oct GMT Content length Online Grade Report Online Grade Report 